indicator,country,count,mean,median,std,min,max,range,Q1,Q3,IQR,CV
disclosed_investment,China,7,8990.0,9394.0,2651.51,5551.0,12486.0,6935.0,7146.5,10603.0,3456.5,0.29
disclosed_investment,Germany,7,2204.57,2415.0,1344.05,585.0,4007.0,3422.0,1058.5,3154.0,2095.5,0.61
disclosed_investment,India,7,4700.29,1902.0,7094.04,503.0,20513.0,20010.0,1249.5,3742.5,2493.0,1.51
disclosed_investment,South Africa,7,72.29,59.0,54.12,9.0,141.0,132.0,33.0,115.5,82.5,0.75
disclosed_investment,Sweden,7,2149.57,601.0,2445.86,68.0,5449.0,5381.0,165.5,4299.0,4133.5,1.14
disclosed_investment,United States,7,69025.29,59585.0,36691.33,35690.0,128834.0,93144.0,40038.5,89495.5,49457.0,0.53
estimated_investment,China,7,13560.57,15084.0,3625.04,7338.0,17750.0,10412.0,11464.0,15912.0,4448.0,0.27
estimated_investment,Germany,7,4874.71,5160.0,1871.09,1507.0,7394.0,5887.0,4141.0,5890.0,1749.0,0.38
estimated_investment,India,7,6450.57,2541.0,8637.57,892.0,25214.0,24322.0,1898.0,6355.5,4457.5,1.34
estimated_investment,South Africa,7,150.14,150.0,61.33,70.0,242.0,172.0,111.5,183.0,71.5,0.41
estimated_investment,Sweden,7,4597.57,3600.0,6450.33,130.0,18369.0,18239.0,235.0,4807.0,4572.0,1.4
estimated_investment,United States,7,115017.57,103086.0,48130.76,57431.0,184951.0,127520.0,87143.0,142684.5,55541.5,0.42
num_patent_applications,China,7,94641.0,92950.0,50706.67,30020.0,176802.0,146782.0,60001.0,121356.5,61355.5,0.54
num_patent_applications,Germany,7,1133.86,1174.0,260.37,736.0,1503.0,767.0,979.5,1282.5,303.0,0.23
num_patent_applications,India,7,45.57,11.0,99.04,2.0,270.0,268.0,6.0,12.0,6.0,2.17
num_patent_applications,South Africa,7,49.29,23.0,52.33,5.0,134.0,129.0,6.5,85.0,78.5,1.06
num_patent_applications,Sweden,7,28.57,31.0,6.63,20.0,36.0,16.0,23.0,33.5,10.5,0.23
num_patent_applications,United States,7,12737.71,14638.0,4501.96,5277.0,16913.0,11636.0,10096.0,16072.0,5976.0,0.35
num_patent_granted,China,7,44990.86,48826.0,15465.29,17896.0,57876.0,39980.0,38277.5,56891.5,18614.0,0.34
num_patent_granted,Germany,7,462.14,497.0,154.01,220.0,647.0,427.0,380.0,555.5,175.5,0.33
num_patent_granted,India,3,71.67,8.0,113.76,4.0,203.0,199.0,6.0,105.5,99.5,1.59
num_patent_granted,South Africa,7,48.14,22.0,52.58,3.0,132.0,129.0,5.0,85.0,80.0,1.09
num_patent_granted,Sweden,7,17.86,21.0,6.23,9.0,24.0,15.0,14.0,21.5,7.5,0.35
num_patent_granted,United States,7,9820.57,12264.0,5346.93,1531.0,15199.0,13668.0,6082.0,13793.0,7711.0,0.54
num_articles,China,7,73157.0,72439.0,27715.42,36754.0,110110.0,73356.0,52852.0,93546.0,40694.0,0.38
num_articles,Germany,7,10875.14,11870.0,2353.27,7256.0,13936.0,6680.0,9300.0,12232.0,2932.0,0.22
num_articles,India,7,29450.43,29077.0,13930.71,14100.0,51154.0,37054.0,18459.5,37451.5,18992.0,0.47
num_articles,South Africa,7,769.86,804.0,280.12,383.0,1113.0,730.0,580.5,964.0,383.5,0.36
num_articles,Sweden,7,2005.0,2115.0,520.87,1208.0,2650.0,1442.0,1672.0,2359.0,687.0,0.26
num_articles,United States,7,42598.71,43440.0,7375.09,29526.0,50230.0,20704.0,39659.0,47838.5,8179.5,0.17
num_citations,China,7,1729825.57,1725881.0,431275.09,913729.0,2157692.0,1243963.0,1592475.5,2063263.0,470787.5,0.25
num_citations,Germany,7,310380.86,340082.0,100807.8,123615.0,428839.0,305224.0,269147.0,370918.0,101771.0,0.32
num_citations,India,7,348268.86,372532.0,78205.5,242043.0,438782.0,196739.0,286079.5,406183.0,120103.5,0.22
num_citations,South Africa,7,18100.14,18366.0,4069.42,10025.0,21838.0,11813.0,17164.5,21071.5,3907.0,0.22
num_citations,Sweden,7,59366.71,57608.0,16583.25,28688.0,77885.0,49197.0,54056.0,71637.0,17581.0,0.28
num_citations,United States,7,1623784.86,1755131.0,694187.4,563732.0,2313570.0,1749838.0,1122827.5,2244203.0,1121375.5,0.43
