Entity,Code,Year,AI scholarly publications per million people - Field: All
China,CHN,2016,15.6589575
China,CHN,2017,18.843708
China,CHN,2018,25.273977
China,CHN,2019,33.450874
China,CHN,2020,38.623352
China,CHN,2021,50.29734
China,CHN,2022,57.782192
China,CHN,2023,73.24554
China,CHN,2024,82.03499
Germany,DEU,2016,76.02697
Germany,DEU,2017,81.28368
Germany,DEU,2018,95.38374
Germany,DEU,2019,114.87666
Germany,DEU,2020,136.7473
Germany,DEU,2021,156.8394
Germany,DEU,2022,147.69363
Germany,DEU,2023,166.14185
Germany,DEU,2024,151.30292
India,IND,2016,7.745113
India,IND,2017,8.584516
India,IND,2018,10.426585
India,IND,2019,11.796719
India,IND,2020,15.090356
India,IND,2021,20.839994
India,IND,2022,22.081161
India,IND,2023,30.543724
India,IND,2024,35.876156
South Africa,ZAF,2016,6.252232
South Africa,ZAF,2017,5.5521665
South Africa,ZAF,2018,6.8756075
South Africa,ZAF,2019,8.575569
South Africa,ZAF,2020,12.037177
South Africa,ZAF,2021,13.544143
South Africa,ZAF,2022,13.546352
South Africa,ZAF,2023,17.702227
South Africa,ZAF,2024,17.451166
Sweden,SWE,2016,111.45507
Sweden,SWE,2017,113.741844
Sweden,SWE,2018,129.52808
Sweden,SWE,2019,159.0603
Sweden,SWE,2020,203.79224
Sweden,SWE,2021,221.0993
Sweden,SWE,2022,227.03575
Sweden,SWE,2023,255.035
Sweden,SWE,2024,237.48483
United States,USA,2016,68.27583
United States,USA,2017,76.89838
United States,USA,2018,95.64059
United States,USA,2019,118.63581
United States,USA,2020,139.88492
United States,USA,2021,149.37907
United States,USA,2022,128.10435
United States,USA,2023,147.37799
United States,USA,2024,147.09349